transaction_id,vendor,amount,date
TXN10507,Vendor_024,588.05,2025-06-11
TXN10818,Vendor_053,2012.17,2025-05-02
TXN10452,Vendor_008,501.98,2025-08-26
TXN10368,Vendor_035,2052.84,2025-01-07
TXN10242,Vendor_025,3485.91,2025-05-26
TXN10929,Vendor_001,1659.92,2025-06-13
TXN10262,Vendor_060,26.75,2025-01-19
TXN10810,Vendor_001,1418.09,2025-08-01
TXN10318,Vendor_052,2755.67,2025-01-12
TXN10049,Vendor_055,182.74,2025-05-03
TXN10446,Vendor_049,2911.95,2025-05-02
TXN10142,Vendor_024,223.69,2025-09-08
TXN20018,Vendor_061,545100.0,2025-04-04
TXN10345,Vendor_014,2444.67,2025-01-20
TXN20021,Vendor_062,535400.0,2025-09-13
TXN10133,Vendor_020,3346.5,2025-10-09
TXN10104,Vendor_054,1466.05,2025-04-21
TXN10006,Vendor_027,14086.56,2025-03-13
TXN10600,Vendor_020,4837.17,2025-06-03
TXN10496,Vendor_026,469.46,2025-10-20
TXN10702,Vendor_007,723.68,2025-07-25
TXN10472,Vendor_037,252.21,2025-04-21
TXN10598,Vendor_051,1014.77,2025-02-18
TXN10502,Vendor_007,293.5,2025-01-04
TXN10433,Vendor_054,4595.37,2025-09-26
TXN10119,Vendor_005,4805.48,2025-10-03
TXN10108,Vendor_006,2527.07,2025-05-25
TXN10647,Vendor_003,1684.82,2025-07-15
TXN10589,Vendor_010,594.13,2025-01-05
TXN10374,Vendor_027,29706.98,2025-09-03
TXN10910,Vendor_029,1211.83,2025-08-02
TXN10718,Vendor_046,1126.99,2025-03-27
TXN10744,Vendor_022,3543.81,2025-07-13
TXN10494,Vendor_010,13095.99,2025-01-24
TXN10404,Vendor_034,1007.19,2025-09-21
TXN10274,Vendor_060,504.74,2025-01-05
TXN10078,Vendor_029,2037.11,2025-07-26
TXN10721,Vendor_029,195.74,2025-03-03
TXN10644,Vendor_058,1313.61,2025-08-11
TXN10614,Vendor_052,43454.84,2025-10-06
TXN10872,Vendor_022,300.93,2025-09-06
TXN10691,Vendor_036,8161.06,2025-07-09
TXN10090,Vendor_039,2051.24,2025-08-31
TXN10101,Vendor_014,1046.45,2025-01-02
TXN10094,Vendor_045,1086.0,2025-01-18
TXN10577,Vendor_003,4925.22,2025-03-28
TXN10537,Vendor_053,1096.72,2025-02-04
TXN10041,Vendor_041,2259.23,2025-03-18
TXN10453,Vendor_007,3481.65,2025-05-31
TXN20045,Vendor_064,6225.0,2025-08-06
TXN10713,Vendor_041,3037.76,2025-08-10
TXN10034,Vendor_032,5267.49,2025-03-21
TXN10639,Vendor_001,335.76,2025-03-04
TXN10035,Vendor_054,369.78,2025-03-27
TXN10148,Vendor_047,3563.59,2025-06-27
TXN10455,Vendor_011,645.01,2025-09-13
TXN10885,Vendor_017,19944.72,2025-07-03
TXN10677,Vendor_058,17640.48,2025-10-21
TXN10486,Vendor_014,780.13,2025-01-14
TXN10685,Vendor_018,4568.31,2025-04-25
TXN10307,Vendor_052,837.95,2025-08-14
TXN10238,Vendor_004,764.85,2025-02-19
TXN10395,Vendor_041,982.47,2025-07-11
TXN10734,Vendor_046,6890.52,2025-02-16
TXN10822,Vendor_028,35902.69,2025-06-21
TXN10812,Vendor_031,11861.71,2025-10-06
TXN10464,Vendor_044,1562.39,2025-10-05
TXN10816,Vendor_018,2558.47,2025-04-09
TXN10528,Vendor_047,2534.22,2025-03-19
TXN10017,Vendor_044,2720.37,2025-08-16
TXN10709,Vendor_009,16405.85,2025-06-10
TXN10370,Vendor_022,1866.58,2025-01-14
TXN10241,Vendor_039,1557.51,2025-07-21
TXN20014,Vendor_065,519700.0,2025-07-05
TXN10457,Vendor_043,470.68,2025-01-22
TXN10065,Vendor_013,10541.89,2025-01-25
TXN10191,Vendor_035,5504.48,2025-04-20
TXN10838,Vendor_038,6500.4,2025-01-31
TXN10331,Vendor_010,563.16,2025-01-25
TXN10638,Vendor_011,338.0,2025-01-16
TXN10255,Vendor_025,963.43,2025-09-15
TXN10742,Vendor_004,802.5,2025-03-17
TXN10756,Vendor_035,3433.42,2025-08-25
TXN10757,Vendor_020,2299.13,2025-06-26
TXN20001,Vendor_065,5912.0,2025-09-26
TXN20042,Vendor_061,862200.0,2025-06-09
TXN10463,Vendor_015,2387.91,2025-03-29
TXN10843,Vendor_027,2972.42,2025-08-22
TXN10573,Vendor_044,1359.9,2025-05-22
TXN10527,Vendor_027,1924.67,2025-07-17
TXN10654,Vendor_024,51295.98,2025-08-14
TXN10189,Vendor_044,252.32,2025-04-12
TXN10517,Vendor_036,507.34,2025-07-02
TXN20006,Vendor_062,820400.0,2025-01-12
TXN10414,Vendor_051,2785.01,2025-06-01
TXN10671,Vendor_028,122.07,2025-02-16
TXN10559,Vendor_025,1045.99,2025-07-24
TXN10593,Vendor_016,2789.9,2025-05-05
TXN10258,Vendor_003,3219.45,2025-02-11
TXN10154,Vendor_055,2646.5,2025-09-21
TXN10335,Vendor_014,1493.42,2025-04-20
TXN10013,Vendor_024,150.32,2025-02-15
TXN10911,Vendor_043,2404.01,2025-02-23
TXN10156,Vendor_047,20445.27,2025-03-27
TXN10428,Vendor_041,7157.76,2025-06-18
TXN10824,Vendor_023,1013.18,2025-03-16
TXN10267,Vendor_040,281.69,2025-08-17
TXN10538,Vendor_046,6688.74,2025-03-10
TXN10236,Vendor_049,129.97,2025-06-03
TXN10944,Vendor_042,19942.89,2025-05-24
TXN10479,Vendor_021,7749.99,2025-08-19
TXN10785,Vendor_023,7368.84,2025-06-07
TXN20000,Vendor_065,7629.0,2025-10-22
TXN10059,Vendor_016,6426.65,2025-01-22
TXN10868,Vendor_034,4256.1,2025-05-19
TXN10175,Vendor_013,5299.34,2025-06-08
TXN10711,Vendor_014,1594.43,2025-07-22
TXN10449,Vendor_049,456.24,2025-09-25
TXN10120,Vendor_008,5056.05,2025-06-20
TXN10794,Vendor_012,443.47,2025-08-31
TXN10180,Vendor_013,4078.02,2025-10-06
TXN10311,Vendor_002,7543.26,2025-09-15
TXN10003,Vendor_024,13094.39,2025-01-12
TXN10194,Vendor_026,2264.56,2025-04-27
TXN10437,Vendor_011,300.63,2025-01-10
TXN10683,Vendor_009,3415.87,2025-09-09
TXN10799,Vendor_014,1879.35,2025-07-29
TXN10746,Vendor_027,2304.91,2025-09-14
TXN10625,Vendor_040,930.22,2025-07-29
TXN10692,Vendor_035,443.46,2025-05-27
TXN10551,Vendor_025,1476.78,2025-02-05
TXN10248,Vendor_055,17945.43,2025-05-29
TXN10659,Vendor_026,1498.67,2025-07-09
TXN10002,Vendor_049,4196.45,2025-10-08
TXN20047,Vendor_064,843300.0,2025-10-05
TXN10860,Vendor_045,2353.83,2025-02-11
TXN10776,Vendor_001,702.55,2025-06-17
TXN10857,Vendor_032,3337.04,2025-10-05
TXN10358,Vendor_046,2750.49,2025-09-20
TXN10769,Vendor_051,19075.94,2025-02-28
TXN10073,Vendor_018,13822.28,2025-07-30
TXN10117,Vendor_010,395.72,2025-04-03
TXN10938,Vendor_032,2482.3,2025-10-17
TXN10535,Vendor_054,1922.95,2025-07-17
TXN10111,Vendor_037,1746.78,2025-09-18
TXN10509,Vendor_019,613.86,2025-06-08
TXN10512,Vendor_022,1325.26,2025-06-01
TXN10916,Vendor_056,3984.89,2025-10-13
TXN10555,Vendor_055,1058.45,2025-08-08
TXN10552,Vendor_021,8251.22,2025-04-16
TXN10354,Vendor_031,1763.89,2025-02-25
TXN20020,Vendor_065,9809.0,2025-01-28
TXN10008,Vendor_029,982.09,2025-01-08
TXN10581,Vendor_055,1053.77,2025-10-16
TXN10056,Vendor_028,607.3,2025-03-25
TXN10576,Vendor_018,2456.02,2025-03-10
TXN10705,Vendor_060,3975.13,2025-10-02
TXN10651,Vendor_052,7820.74,2025-05-14
TXN10084,Vendor_060,632.04,2025-06-01
TXN10228,Vendor_059,713.44,2025-05-21
TXN10159,Vendor_026,4245.1,2025-04-24
TXN10205,Vendor_051,534.23,2025-09-28
TXN10125,Vendor_037,31181.88,2025-06-24
TXN10688,Vendor_023,4556.22,2025-04-01
TXN10887,Vendor_058,1133.34,2025-01-12
TXN10473,Vendor_008,10688.64,2025-07-05
TXN10244,Vendor_010,379.79,2025-08-30
TXN10597,Vendor_010,506.54,2025-04-09
TXN10797,Vendor_029,4385.03,2025-04-15
TXN10195,Vendor_029,2983.68,2025-06-03
TXN10202,Vendor_055,7390.62,2025-04-27
TXN10081,Vendor_020,2876.26,2025-10-20
TXN10484,Vendor_058,676.37,2025-02-23
TXN10443,Vendor_022,1610.25,2025-08-01
TXN10578,Vendor_026,264.5,2025-06-10
TXN10201,Vendor_023,3748.16,2025-04-17
TXN10186,Vendor_015,3344.96,2025-04-03
TXN10516,Vendor_019,3467.51,2025-06-22
TXN10821,Vendor_003,11295.41,2025-07-14
TXN20017,Vendor_064,9100.0,2025-01-11
TXN10216,Vendor_004,662.04,2025-03-31
TXN10050,Vendor_006,2755.38,2025-01-09
TXN10783,Vendor_005,3998.85,2025-01-08
TXN10672,Vendor_039,1158.07,2025-07-20
TXN10531,Vendor_026,208.52,2025-03-02
TXN10314,Vendor_023,9868.69,2025-06-03
TXN10200,Vendor_043,2878.78,2025-01-21
TXN10223,Vendor_056,222.18,2025-02-05
TXN10587,Vendor_034,598.96,2025-07-17
TXN20033,Vendor_061,792000.0,2025-09-25
TXN10699,Vendor_046,1421.73,2025-10-02
TXN10826,Vendor_058,14093.15,2025-04-28
TXN10233,Vendor_010,775.04,2025-05-01
TXN10584,Vendor_058,2290.27,2025-02-12
TXN20024,Vendor_061,6527.0,2025-06-15
TXN10430,Vendor_050,388.29,2025-09-23
TXN10874,Vendor_019,1731.83,2025-06-14
TXN10550,Vendor_020,2023.47,2025-06-01
TXN10608,Vendor_026,179.05,2025-03-07
TXN10207,Vendor_013,3526.01,2025-10-02
TXN10382,Vendor_032,114.31,2025-06-13
TXN20044,Vendor_065,764300.0,2025-06-06
TXN20032,Vendor_062,96760.0,2025-05-18
TXN10047,Vendor_050,7145.65,2025-05-23
TXN10521,Vendor_059,3664.21,2025-09-08
TXN10636,Vendor_019,5271.77,2025-02-01
TXN10019,Vendor_048,288.3,2025-08-02
TXN10366,Vendor_050,2419.51,2025-03-04
TXN10340,Vendor_015,620.86,2025-03-09
TXN20002,Vendor_063,9402.0,2025-10-08
TXN10675,Vendor_023,657.76,2025-05-08
TXN10306,Vendor_012,9518.23,2025-02-07
TXN10835,Vendor_011,2451.56,2025-10-21
TXN10429,Vendor_025,183.76,2025-04-29
TXN10823,Vendor_015,1128.12,2025-02-10
TXN10304,Vendor_032,1759.58,2025-06-10
TXN10355,Vendor_015,491.13,2025-03-24
TXN10177,Vendor_038,11963.24,2025-05-12
TXN10945,Vendor_038,449.84,2025-07-07
TXN10060,Vendor_026,969.78,2025-01-03
TXN10309,Vendor_033,1390.13,2025-05-31
TXN10892,Vendor_055,7234.94,2025-09-07
TXN10301,Vendor_044,872.85,2025-05-01
TXN10920,Vendor_026,7300.67,2025-04-23
TXN10594,Vendor_039,6966.04,2025-03-27
TXN10761,Vendor_008,2118.82,2025-02-12
TXN10107,Vendor_002,2268.67,2025-08-19
TXN10747,Vendor_008,677.22,2025-03-28
TXN20038,Vendor_061,71740.0,2025-06-11
TXN10806,Vendor_003,2413.36,2025-10-23
TXN10099,Vendor_048,1332.8,2025-03-28
TXN10250,Vendor_048,351.02,2025-10-20
TXN10833,Vendor_019,666.38,2025-06-06
TXN10474,Vendor_016,15343.67,2025-03-13
TXN10703,Vendor_009,289.74,2025-09-08
TXN10941,Vendor_038,5620.6,2025-01-16
TXN10383,Vendor_017,912.8,2025-07-07
TXN10680,Vendor_057,4620.11,2025-04-27
TXN10181,Vendor_019,593.3,2025-05-09
TXN10012,Vendor_003,2476.37,2025-06-30
TXN10613,Vendor_006,418.58,2025-06-16
TXN10085,Vendor_050,941.73,2025-06-26
TXN10320,Vendor_042,2051.02,2025-06-15
TXN10649,Vendor_005,4469.66,2025-08-15
TXN10710,Vendor_056,2378.73,2025-03-30
TXN10385,Vendor_021,2198.46,2025-09-13
TXN10890,Vendor_026,5253.38,2025-04-18
TXN10439,Vendor_040,1682.08,2025-07-02
TXN10135,Vendor_055,13560.48,2025-02-04
TXN10567,Vendor_006,487.6,2025-05-07
TXN10298,Vendor_028,5201.6,2025-04-25
TXN10160,Vendor_018,509.24,2025-05-25
TXN10268,Vendor_033,1020.39,2025-06-13
TXN10658,Vendor_028,2339.07,2025-09-05
TXN20046,Vendor_065,8601.0,2025-04-06
TXN10641,Vendor_030,15831.04,2025-09-26
TXN10906,Vendor_038,308.64,2025-01-13
TXN10805,Vendor_029,1209.64,2025-06-15
TXN10893,Vendor_036,8267.47,2025-04-12
TXN10389,Vendor_048,854.08,2025-09-09
TXN10121,Vendor_012,554.35,2025-01-01
TXN10837,Vendor_052,493.8,2025-07-23
TXN10187,Vendor_025,1644.72,2025-08-12
TXN10016,Vendor_007,484.6,2025-09-30
TXN10773,Vendor_011,6401.71,2025-05-27
TXN10493,Vendor_004,590.12,2025-01-20
TXN10341,Vendor_045,2481.93,2025-01-12
TXN10426,Vendor_040,515.74,2025-02-18
TXN10467,Vendor_003,4840.44,2025-07-10
TXN10106,Vendor_025,20995.04,2025-03-25
TXN10408,Vendor_019,2114.1,2025-03-10
TXN10023,Vendor_013,283.67,2025-07-28
TXN10831,Vendor_001,547.71,2025-07-12
TXN10069,Vendor_036,781.6,2025-06-22
TXN10900,Vendor_051,2919.81,2025-06-24
TXN10676,Vendor_003,426.77,2025-01-04
TXN10801,Vendor_009,924.4,2025-02-08
TXN10599,Vendor_032,2952.75,2025-10-04
TXN10643,Vendor_028,256.19,2025-04-12
TXN10339,Vendor_034,868.84,2025-01-25
TXN10701,Vendor_020,7070.68,2025-06-22
TXN10873,Vendor_024,699.1,2025-09-07
TXN10074,Vendor_022,60.0,2025-02-06
TXN10218,Vendor_031,962.01,2025-04-18
TXN10525,Vendor_004,173.06,2025-05-28
TXN10265,Vendor_032,357.05,2025-06-16
TXN10891,Vendor_044,3496.28,2025-03-11
TXN10110,Vendor_002,149.25,2025-06-12
TXN10435,Vendor_031,1990.86,2025-10-15
TXN20030,Vendor_065,823400.0,2025-02-18
TXN10632,Vendor_001,1472.31,2025-01-08
TXN10185,Vendor_058,4574.26,2025-07-18
TXN10286,Vendor_052,1484.27,2025-09-21
TXN10582,Vendor_017,4115.91,2025-06-01
TXN10899,Vendor_018,625.15,2025-04-02
TXN10459,Vendor_013,380.98,2025-09-15
TXN10415,Vendor_017,683.32,2025-05-13
TXN10061,Vendor_041,1420.33,2025-07-07
TXN10347,Vendor_029,290.12,2025-02-12
TXN10349,Vendor_023,1369.94,2025-10-14
TXN10731,Vendor_017,506.8,2025-08-04
TXN10716,Vendor_028,2097.49,2025-09-21
TXN10640,Vendor_045,1168.5,2025-01-21
TXN10804,Vendor_053,1027.78,2025-01-02
TXN10737,Vendor_022,6486.63,2025-08-20
TXN10329,Vendor_035,4092.25,2025-07-25
TXN10927,Vendor_008,2952.41,2025-07-07
TXN10134,Vendor_029,547.16,2025-01-01
TXN10787,Vendor_049,3284.38,2025-06-24
TXN10764,Vendor_049,8055.06,2025-07-11
TXN10784,Vendor_025,3743.32,2025-06-23
TXN10057,Vendor_047,1209.57,2025-09-08
TXN10825,Vendor_048,11960.92,2025-06-09
TXN10928,Vendor_009,13838.1,2025-05-07
TXN10859,Vendor_037,4116.72,2025-06-11
TXN10786,Vendor_045,5345.97,2025-08-03
TXN10291,Vendor_042,952.51,2025-06-07
TXN10046,Vendor_046,993.44,2025-05-02
TXN10277,Vendor_008,828.58,2025-08-18
TXN10841,Vendor_011,4347.1,2025-02-14
TXN10926,Vendor_013,874.28,2025-08-20
TXN10224,Vendor_020,978.96,2025-09-20
TXN10530,Vendor_039,4147.12,2025-05-17
TXN10280,Vendor_058,2095.55,2025-09-16
TXN10000,Vendor_060,3448.62,2025-01-15
TXN10817,Vendor_045,5747.5,2025-03-14
TXN10495,Vendor_054,3643.07,2025-08-15
TXN10066,Vendor_045,1646.47,2025-08-31
TXN10403,Vendor_011,1921.91,2025-09-04
TXN10563,Vendor_020,1183.43,2025-09-07
TXN10481,Vendor_041,522.07,2025-04-22
TXN10571,Vendor_048,15984.4,2025-07-18
TXN10882,Vendor_047,956.93,2025-05-20
TXN10294,Vendor_017,2875.9,2025-05-16
TXN10619,Vendor_010,2418.85,2025-01-08
TXN10743,Vendor_045,1870.42,2025-03-08
TXN10245,Vendor_005,1170.46,2025-06-24
TXN10257,Vendor_021,720.56,2025-05-26
TXN10161,Vendor_026,5030.17,2025-05-16
TXN10726,Vendor_021,1851.89,2025-09-12
TXN10605,Vendor_028,20740.31,2025-09-27
TXN20003,Vendor_062,518200.0,2025-01-10
TXN10436,Vendor_032,15020.94,2025-08-14
TXN10855,Vendor_047,860.94,2025-05-06
TXN10768,Vendor_017,800.26,2025-10-04
TXN10247,Vendor_034,773.3,2025-06-10
TXN10541,Vendor_005,416.29,2025-03-11
TXN10239,Vendor_024,5476.18,2025-01-19
TXN10220,Vendor_013,36645.87,2025-06-08
TXN20007,Vendor_063,68490.0,2025-07-23
TXN10092,Vendor_054,725.84,2025-05-05
TXN10114,Vendor_011,1408.01,2025-01-10
TXN10798,Vendor_010,1875.84,2025-09-23
TXN20029,Vendor_061,84870.0,2025-01-21
TXN10076,Vendor_003,2024.67,2025-07-21
TXN20031,Vendor_065,656400.0,2025-03-15
TXN10386,Vendor_055,2819.41,2025-04-27
TXN10132,Vendor_009,454.41,2025-10-20
TXN10863,Vendor_049,18669.4,2025-01-21
TXN20040,Vendor_064,50540.0,2025-05-06
TXN10058,Vendor_007,2781.21,2025-03-25
TXN10289,Vendor_005,804.72,2025-10-14
TXN10246,Vendor_049,975.13,2025-04-18
TXN10364,Vendor_052,4434.58,2025-05-04
TXN10871,Vendor_018,640.48,2025-04-14
TXN10040,Vendor_033,4722.09,2025-10-16
TXN10089,Vendor_002,3523.63,2025-09-19
TXN10192,Vendor_014,2388.26,2025-09-22
TXN10422,Vendor_010,1308.12,2025-02-07
TXN10068,Vendor_055,2893.22,2025-08-26
TXN10661,Vendor_052,888.1,2025-02-03
TXN10372,Vendor_022,11926.13,2025-05-13
TXN10139,Vendor_014,364.99,2025-01-12
TXN10388,Vendor_034,6220.16,2025-02-21
TXN10832,Vendor_047,490.1,2025-05-28
TXN10118,Vendor_010,7987.79,2025-09-14
TXN10579,Vendor_050,7997.47,2025-04-27
TXN10922,Vendor_007,2149.22,2025-03-08
TXN10791,Vendor_037,2368.46,2025-05-27
TXN10350,Vendor_051,2708.58,2025-01-05
TXN10811,Vendor_049,1020.81,2025-05-07
TXN10434,Vendor_053,12747.16,2025-06-09
TXN10669,Vendor_034,7472.31,2025-03-07
TXN10931,Vendor_040,20858.24,2025-01-23
TXN10948,Vendor_031,1704.01,2025-10-17
TXN10014,Vendor_015,192.02,2025-06-02
TXN10375,Vendor_038,666.77,2025-03-20
TXN10082,Vendor_004,12348.16,2025-08-08
TXN10491,Vendor_037,12381.11,2025-07-05
TXN10697,Vendor_023,355.51,2025-05-30
TXN10879,Vendor_027,8475.3,2025-04-27
TXN10936,Vendor_003,479.33,2025-07-07
TXN10088,Vendor_053,908.06,2025-08-16
TXN10363,Vendor_037,3047.95,2025-08-09
TXN10273,Vendor_060,1832.26,2025-05-10
TXN10172,Vendor_041,1635.6,2025-03-30
TXN10554,Vendor_007,2804.23,2025-06-12
TXN10103,Vendor_005,637.17,2025-02-10
TXN10754,Vendor_045,526.25,2025-08-29
TXN10673,Vendor_020,1115.58,2025-05-04
TXN10371,Vendor_007,3454.38,2025-08-17
TXN10045,Vendor_039,709.25,2025-03-31
TXN10560,Vendor_006,2635.18,2025-02-13
TXN10748,Vendor_038,816.5,2025-09-19
TXN10419,Vendor_007,1973.91,2025-01-28
TXN10604,Vendor_022,3094.76,2025-04-26
TXN10725,Vendor_046,1423.43,2025-02-19
TXN10011,Vendor_052,986.88,2025-07-18
TXN10214,Vendor_018,1200.09,2025-01-02
TXN10344,Vendor_013,980.1,2025-01-31
TXN10700,Vendor_009,916.41,2025-10-11
TXN10720,Vendor_055,2697.67,2025-01-16
TXN10147,Vendor_031,324.86,2025-07-03
TXN10299,Vendor_040,4099.08,2025-04-28
TXN10283,Vendor_002,361.71,2025-04-12
TXN10745,Vendor_024,703.83,2025-06-11
TXN10412,Vendor_057,246.08,2025-03-28
TXN10629,Vendor_027,7498.43,2025-04-24
TXN10795,Vendor_015,7108.87,2025-02-10
TXN10741,Vendor_055,342.6,2025-01-28
TXN10886,Vendor_020,3862.64,2025-02-15
TXN10735,Vendor_015,3342.17,2025-05-27
TXN10173,Vendor_048,2817.2,2025-09-26
TXN10432,Vendor_012,1273.81,2025-09-15
TXN20035,Vendor_061,61870.0,2025-04-29
TXN10226,Vendor_056,1965.62,2025-06-22
TXN10305,Vendor_053,2105.96,2025-09-29
TXN10031,Vendor_024,20089.68,2025-02-10
TXN10719,Vendor_041,1679.03,2025-04-30
TXN10483,Vendor_042,2355.49,2025-03-31
TXN10766,Vendor_009,1727.65,2025-02-06
TXN10285,Vendor_034,142.92,2025-10-13
TXN10918,Vendor_047,1011.95,2025-06-12
TXN10482,Vendor_013,223.99,2025-03-27
TXN10913,Vendor_021,14054.38,2025-07-23
TXN20027,Vendor_064,572700.0,2025-10-01
TXN10116,Vendor_014,1728.27,2025-03-21
TXN10618,Vendor_056,3378.92,2025-09-25
TXN10652,Vendor_019,1274.67,2025-03-01
TXN10704,Vendor_060,238.98,2025-05-01
TXN10095,Vendor_040,269.73,2025-01-21
TXN10261,Vendor_011,1673.41,2025-10-07
TXN10635,Vendor_004,210.33,2025-09-03
TXN10592,Vendor_002,3370.02,2025-04-08
TXN10574,Vendor_057,5314.68,2025-06-14
TXN20004,Vendor_064,84550.0,2025-05-28
TXN10102,Vendor_055,1158.02,2025-10-20
TXN10062,Vendor_042,429.13,2025-01-14
TXN10204,Vendor_036,301.58,2025-07-22
TXN10663,Vendor_057,892.07,2025-10-06
TXN10686,Vendor_033,1322.89,2025-05-14
TXN10184,Vendor_001,1352.21,2025-03-17
TXN10678,Vendor_015,6102.06,2025-07-10
TXN10733,Vendor_008,197.68,2025-03-17
TXN10091,Vendor_051,6369.26,2025-07-05
TXN10942,Vendor_002,4210.18,2025-05-25
TXN10708,Vendor_040,120.72,2025-10-13
TXN10736,Vendor_026,2522.08,2025-04-03
TXN10836,Vendor_005,13570.46,2025-06-25
TXN10730,Vendor_009,2332.27,2025-02-04
TXN10411,Vendor_013,419.04,2025-07-19
TXN10346,Vendor_018,275.2,2025-06-09
TXN10480,Vendor_027,1531.05,2025-03-07
TXN10814,Vendor_028,6914.65,2025-10-04
TXN10029,Vendor_041,1237.44,2025-09-24
TXN10054,Vendor_050,6907.06,2025-07-23
TXN10487,Vendor_057,443.19,2025-01-20
TXN10039,Vendor_060,2335.36,2025-01-02
TXN10157,Vendor_047,3347.55,2025-10-17
TXN10894,Vendor_011,10903.15,2025-08-04
TXN10146,Vendor_057,362.12,2025-02-08
TXN10221,Vendor_007,159.58,2025-08-29
TXN10684,Vendor_013,369.16,2025-07-26
TXN10772,Vendor_013,4113.91,2025-07-11
TXN10602,Vendor_015,5599.81,2025-08-20
TXN10800,Vendor_051,6122.76,2025-04-28
TXN10394,Vendor_013,8377.23,2025-04-23
TXN10052,Vendor_039,749.95,2025-08-11
TXN10622,Vendor_008,20881.77,2025-02-24
TXN10674,Vendor_001,290.1,2025-09-04
TXN10359,Vendor_016,616.83,2025-09-09
TXN10504,Vendor_003,776.01,2025-08-04
TXN10402,Vendor_021,1820.41,2025-10-11
TXN10770,Vendor_039,4537.26,2025-07-02
TXN10421,Vendor_005,17711.03,2025-01-08
TXN10448,Vendor_055,927.02,2025-02-08
TXN10165,Vendor_001,3092.13,2025-05-27
TXN10284,Vendor_017,28938.94,2025-10-18
TXN10080,Vendor_031,1358.89,2025-01-24
TXN10227,Vendor_042,445.38,2025-02-16
TXN10447,Vendor_032,532.81,2025-08-10
TXN10353,Vendor_011,1468.62,2025-06-27
TXN10310,Vendor_050,1362.42,2025-08-25
TXN10727,Vendor_021,2840.84,2025-10-03
TXN10259,Vendor_054,4949.41,2025-05-05
TXN10323,Vendor_042,27449.51,2025-06-07
TXN10009,Vendor_015,3660.4,2025-01-27
TXN10679,Vendor_021,9442.93,2025-08-15
TXN10529,Vendor_060,558.02,2025-03-16
TXN10030,Vendor_022,826.98,2025-06-28
TXN10789,Vendor_002,208.67,2025-06-10
TXN10179,Vendor_006,62082.53,2025-03-23
TXN10027,Vendor_011,2946.6,2025-08-05
TXN10033,Vendor_057,457.13,2025-02-15
TXN10334,Vendor_036,6423.1,2025-04-05
TXN10361,Vendor_004,13260.71,2025-04-13
TXN10293,Vendor_016,5456.06,2025-01-12
TXN10782,Vendor_039,2963.89,2025-09-07
TXN20009,Vendor_061,60950.0,2025-03-29
TXN10005,Vendor_044,1333.58,2025-07-27
TXN10197,Vendor_005,2208.0,2025-10-20
TXN10790,Vendor_036,3160.56,2025-03-23
TXN10392,Vendor_029,324.96,2025-02-11
TXN10543,Vendor_039,11778.6,2025-10-22
TXN10788,Vendor_020,1650.42,2025-05-26
TXN10631,Vendor_038,13205.85,2025-08-08
TXN10865,Vendor_039,1092.24,2025-04-02
TXN10510,Vendor_060,2569.83,2025-03-01
TXN10122,Vendor_057,11199.59,2025-03-05
TXN10378,Vendor_013,31155.43,2025-08-01
TXN10038,Vendor_040,321.62,2025-08-30
TXN10546,Vendor_006,3828.37,2025-10-24
TXN10523,Vendor_045,3796.29,2025-06-10
TXN10162,Vendor_047,8153.27,2025-08-20
TXN10067,Vendor_058,6664.78,2025-05-27
TXN10124,Vendor_057,3877.38,2025-04-17
TXN10004,Vendor_018,1333.55,2025-09-28
TXN10834,Vendor_010,1728.33,2025-05-06
TXN10759,Vendor_038,4493.57,2025-02-18
TXN10427,Vendor_036,4411.04,2025-03-19
TXN20016,Vendor_065,617400.0,2025-08-23
TXN10553,Vendor_030,2516.81,2025-08-08
TXN10506,Vendor_055,837.05,2025-09-11
TXN20025,Vendor_061,78210.0,2025-04-10
TXN10399,Vendor_048,9037.71,2025-01-29
TXN10802,Vendor_028,2048.69,2025-09-16
TXN10352,Vendor_025,5513.51,2025-05-10
TXN10839,Vendor_004,1368.97,2025-04-23
TXN10848,Vendor_037,789.14,2025-06-19
TXN10260,Vendor_039,541.85,2025-08-29
TXN10333,Vendor_054,749.71,2025-10-16
TXN10153,Vendor_050,2445.32,2025-05-09
TXN10396,Vendor_017,194.99,2025-04-30
TXN10501,Vendor_017,21638.76,2025-04-29
TXN10373,Vendor_055,6292.11,2025-03-03
TXN10312,Vendor_027,5287.19,2025-09-06
TXN10042,Vendor_052,1555.66,2025-06-03
TXN10758,Vendor_013,592.37,2025-07-08
TXN10522,Vendor_047,764.02,2025-04-28
TXN10650,Vendor_028,20003.11,2025-09-22
TXN10846,Vendor_015,2633.11,2025-09-02
TXN10623,Vendor_009,10394.65,2025-02-16
TXN10682,Vendor_036,914.27,2025-02-08
TXN10634,Vendor_043,485.06,2025-04-11
TXN10750,Vendor_018,544.46,2025-03-02
TXN10755,Vendor_035,55386.81,2025-05-22
TXN10780,Vendor_012,2277.9,2025-08-28
TXN10590,Vendor_002,1984.33,2025-01-22
TXN10445,Vendor_051,4318.12,2025-06-23
TXN10272,Vendor_013,8201.83,2025-02-18
TXN10877,Vendor_017,2418.55,2025-04-11
TXN10519,Vendor_033,4802.07,2025-05-26
TXN10377,Vendor_023,2294.67,2025-03-06
TXN10498,Vendor_038,579.23,2025-09-17
TXN10878,Vendor_036,1769.85,2025-05-27
TXN10930,Vendor_035,878.52,2025-07-13
TXN10947,Vendor_056,735.48,2025-04-21
TXN10097,Vendor_035,2538.61,2025-10-09
TXN10128,Vendor_044,2058.12,2025-06-05
TXN10544,Vendor_050,72.74,2025-05-09
TXN10379,Vendor_026,632.2,2025-08-30
TXN10203,Vendor_060,7114.87,2025-10-08
TXN10343,Vendor_032,935.4,2025-04-02
TXN10888,Vendor_006,3896.57,2025-01-17
TXN10808,Vendor_041,9250.96,2025-09-25
TXN10518,Vendor_049,2057.26,2025-07-02
TXN10779,Vendor_008,4051.63,2025-04-19
TXN10488,Vendor_011,16208.39,2025-08-31
TXN10237,Vendor_027,2303.97,2025-10-20
TXN10549,Vendor_057,824.53,2025-01-31
TXN10400,Vendor_033,227.52,2025-01-10
TXN10570,Vendor_020,1851.86,2025-05-23
TXN10232,Vendor_009,1918.39,2025-09-28
TXN10442,Vendor_058,123.02,2025-04-24
TXN10098,Vendor_008,1820.1,2025-04-10
TXN10875,Vendor_039,18637.39,2025-01-08
TXN20028,Vendor_064,70270.0,2025-05-29
TXN10511,Vendor_019,1693.73,2025-07-30
TXN10612,Vendor_052,2601.8,2025-08-15
TXN10217,Vendor_025,1328.94,2025-09-20
TXN10360,Vendor_033,3551.59,2025-09-17
TXN10558,Vendor_031,3019.32,2025-04-16
TXN10919,Vendor_019,2326.96,2025-09-21
TXN20008,Vendor_061,5590.0,2025-06-03
TXN10225,Vendor_054,7447.52,2025-06-21
TXN10018,Vendor_009,555.33,2025-06-15
TXN10168,Vendor_041,1314.22,2025-03-31
TXN10292,Vendor_057,840.36,2025-02-24
TXN10607,Vendor_058,358.51,2025-10-11
TXN10397,Vendor_009,10509.49,2025-05-09
TXN10540,Vendor_021,5358.29,2025-03-15
TXN10328,Vendor_002,4069.83,2025-05-10
TXN10862,Vendor_051,13517.72,2025-09-07
TXN10667,Vendor_027,12774.3,2025-10-16
TXN10093,Vendor_012,1180.91,2025-05-11
TXN10213,Vendor_042,4216.7,2025-06-07
TXN10337,Vendor_052,1190.58,2025-01-25
TXN10425,Vendor_008,10713.08,2025-09-13
TXN10803,Vendor_020,991.32,2025-06-04
TXN10115,Vendor_003,2675.82,2025-04-28
TXN10158,Vendor_001,384.25,2025-04-29
TXN20039,Vendor_065,913300.0,2025-06-02
TXN10112,Vendor_001,1955.3,2025-06-13
TXN10036,Vendor_028,2372.08,2025-05-28
TXN10105,Vendor_014,3057.23,2025-08-19
TXN10362,Vendor_040,1569.66,2025-09-30
TXN10365,Vendor_038,1073.21,2025-08-19
TXN10441,Vendor_040,1732.81,2025-05-04
TXN10565,Vendor_004,1063.69,2025-06-27
TXN10351,Vendor_019,12307.49,2025-09-23
TXN20023,Vendor_064,6740.0,2025-01-31
TXN10249,Vendor_017,3060.94,2025-05-30
TXN10852,Vendor_060,789.5,2025-07-20
TXN10796,Vendor_039,1717.42,2025-09-15
TXN10406,Vendor_008,451.28,2025-03-20
TXN10853,Vendor_049,8482.17,2025-10-12
TXN10164,Vendor_027,6325.78,2025-10-16
TXN10876,Vendor_028,922.52,2025-01-05
TXN10861,Vendor_034,252.03,2025-04-19
TXN10828,Vendor_034,1047.08,2025-06-05
TXN10083,Vendor_044,921.73,2025-01-20
TXN10698,Vendor_048,6010.33,2025-03-24
TXN10295,Vendor_020,734.52,2025-01-03
TXN10070,Vendor_008,2892.32,2025-08-09
TXN10610,Vendor_003,4233.04,2025-02-13
TXN10664,Vendor_048,715.73,2025-05-30
TXN10923,Vendor_001,727.67,2025-10-19
TXN20013,Vendor_065,691000.0,2025-03-24
TXN10902,Vendor_007,1876.88,2025-06-12
TXN10724,Vendor_011,2257.75,2025-03-05
TXN10127,Vendor_037,865.94,2025-04-30
TXN10840,Vendor_045,1695.44,2025-03-08
TXN10001,Vendor_034,1510.59,2025-06-12
TXN10897,Vendor_017,2187.97,2025-06-28
TXN10539,Vendor_029,854.09,2025-02-18
TXN10601,Vendor_004,545.22,2025-08-02
TXN10308,Vendor_014,3682.06,2025-10-19
TXN10585,Vendor_041,2496.6,2025-03-27
TXN10410,Vendor_037,4560.1,2025-01-08
TXN10171,Vendor_009,626.06,2025-06-10
TXN10417,Vendor_040,2101.44,2025-08-16
TXN10763,Vendor_039,1595.79,2025-09-02
TXN10935,Vendor_035,941.36,2025-03-13
TXN10603,Vendor_021,10533.64,2025-03-20
TXN10460,Vendor_029,23251.91,2025-08-01
TXN10866,Vendor_024,2621.82,2025-05-05
TXN10637,Vendor_009,1988.85,2025-01-12
TXN10423,Vendor_047,6393.53,2025-08-08
TXN10315,Vendor_004,1858.09,2025-09-19
TXN10376,Vendor_021,5619.61,2025-05-18
TXN10524,Vendor_017,670.33,2025-07-17
TXN10867,Vendor_035,2792.78,2025-04-21
TXN10438,Vendor_015,197.47,2025-09-30
TXN10739,Vendor_020,6759.34,2025-06-06
TXN10150,Vendor_020,2503.99,2025-05-31
TXN20049,Vendor_061,64400.0,2025-09-24
TXN10556,Vendor_014,959.21,2025-04-30
TXN10819,Vendor_030,7223.71,2025-07-07
TXN10807,Vendor_002,970.32,2025-03-22
TXN10409,Vendor_032,3529.0,2025-03-28
TXN10143,Vendor_043,2298.53,2025-05-06
TXN10526,Vendor_048,217.93,2025-02-16
TXN10858,Vendor_004,881.93,2025-03-10
TXN20036,Vendor_061,878300.0,2025-04-14
TXN10827,Vendor_036,916.24,2025-06-16
TXN10208,Vendor_034,3531.8,2025-02-21
TXN10440,Vendor_009,2978.83,2025-06-02
TXN10131,Vendor_059,1976.6,2025-05-10
TXN10380,Vendor_045,606.9,2025-08-01
TXN10174,Vendor_009,2590.74,2025-09-02
TXN10533,Vendor_003,374.53,2025-04-17
TXN10270,Vendor_008,11774.07,2025-03-11
TXN10407,Vendor_017,1502.53,2025-06-22
TXN10869,Vendor_036,24668.09,2025-09-30
TXN10123,Vendor_054,292.25,2025-10-11
TXN10138,Vendor_049,5206.03,2025-06-28
TXN10051,Vendor_006,1095.97,2025-03-14
TXN10624,Vendor_015,14344.8,2025-08-26
TXN10275,Vendor_044,3296.89,2025-01-27
TXN20015,Vendor_064,6924.0,2025-08-05
TXN10342,Vendor_032,2486.07,2025-05-08
TXN10256,Vendor_035,9386.09,2025-09-20
TXN10182,Vendor_024,449.37,2025-03-30
TXN10617,Vendor_051,4644.77,2025-09-24
TXN10300,Vendor_005,615.42,2025-09-05
TXN10690,Vendor_038,1130.87,2025-05-22
TXN10765,Vendor_042,724.78,2025-08-21
TXN10240,Vendor_036,645.3,2025-03-01
TXN10230,Vendor_021,699.61,2025-08-02
TXN10915,Vendor_024,2598.6,2025-02-04
TXN10326,Vendor_052,8148.13,2025-01-14
TXN10458,Vendor_028,880.29,2025-10-12
TXN10681,Vendor_053,416.64,2025-05-22
TXN10662,Vendor_041,1732.67,2025-03-16
TXN10762,Vendor_020,50418.32,2025-03-31
TXN10465,Vendor_043,1356.6,2025-07-08
TXN10163,Vendor_049,622.11,2025-03-17
TXN10167,Vendor_053,21286.55,2025-03-10
TXN10145,Vendor_050,4995.88,2025-10-12
TXN10206,Vendor_004,3531.74,2025-10-04
TXN10500,Vendor_045,6027.16,2025-01-20
TXN10188,Vendor_049,601.34,2025-10-18
TXN10324,Vendor_014,488.91,2025-05-14
TXN10657,Vendor_026,1752.22,2025-10-04
TXN10740,Vendor_051,165.15,2025-05-12
TXN10830,Vendor_004,314.89,2025-02-25
TXN10850,Vendor_023,804.26,2025-05-14
TXN20041,Vendor_065,852700.0,2025-05-15
TXN10895,Vendor_023,4202.03,2025-07-22
TXN10575,Vendor_058,102.06,2025-01-21
TXN10079,Vendor_033,136.48,2025-08-01
TXN10809,Vendor_035,565.1,2025-08-23
TXN10687,Vendor_059,1110.69,2025-08-07
TXN10939,Vendor_045,868.44,2025-03-02
TXN10844,Vendor_051,2244.84,2025-09-19
TXN10229,Vendor_055,4374.19,2025-04-28
TXN10723,Vendor_012,4751.63,2025-02-04
TXN10912,Vendor_010,2500.38,2025-10-25
TXN10100,Vendor_042,287.15,2025-01-14
TXN10290,Vendor_047,1379.45,2025-07-27
TXN10444,Vendor_044,331.69,2025-10-15
TXN10946,Vendor_002,248.84,2025-01-13
TXN10053,Vendor_032,4004.52,2025-02-10
TXN10391,Vendor_035,3427.19,2025-08-21
TXN20012,Vendor_062,713600.0,2025-04-10
TXN20048,Vendor_062,552800.0,2025-07-18
TXN10666,Vendor_011,1297.93,2025-09-28
TXN10251,Vendor_015,5962.35,2025-06-09
TXN10499,Vendor_060,299.57,2025-02-26
TXN10475,Vendor_001,1308.0,2025-09-18
TXN10670,Vendor_035,9135.39,2025-09-05
TXN10271,Vendor_041,279.61,2025-07-15
TXN10044,Vendor_002,264.52,2025-06-15
TXN10113,Vendor_045,44454.2,2025-10-14
TXN10024,Vendor_008,890.96,2025-10-04
TXN10211,Vendor_028,7912.79,2025-10-18
TXN10620,Vendor_024,647.02,2025-10-24
TXN10169,Vendor_028,678.68,2025-07-11
TXN10591,Vendor_048,971.7,2025-02-26
TXN20019,Vendor_063,553200.0,2025-05-20
TXN10596,Vendor_060,1273.04,2025-02-28
TXN10520,Vendor_052,206.39,2025-04-23
TXN10032,Vendor_017,1776.59,2025-03-17
TXN10611,Vendor_033,1682.0,2025-02-11
TXN10109,Vendor_059,1641.26,2025-01-28
TXN10136,Vendor_006,653.13,2025-09-02
TXN10330,Vendor_020,1779.48,2025-09-13
TXN10222,Vendor_042,4412.24,2025-10-25
TXN10028,Vendor_033,828.13,2025-04-12
TXN10287,Vendor_022,3884.74,2025-10-27
TXN10722,Vendor_049,313.36,2025-06-07
TXN10055,Vendor_008,6067.27,2025-06-27
TXN20037,Vendor_065,869700.0,2025-06-19
TXN10881,Vendor_054,906.75,2025-06-22
TXN10901,Vendor_047,1084.27,2025-09-17
TXN10048,Vendor_034,2826.24,2025-04-16
TXN10904,Vendor_045,2317.93,2025-08-13
TXN20026,Vendor_065,9854.0,2025-06-11
TXN10642,Vendor_034,1290.17,2025-09-17
TXN10545,Vendor_024,641.65,2025-04-10
TXN10477,Vendor_035,2709.79,2025-08-12
TXN10547,Vendor_054,1388.59,2025-06-23
TXN10063,Vendor_011,381.81,2025-01-12
TXN10413,Vendor_043,9518.38,2025-04-19
TXN10384,Vendor_011,673.93,2025-07-10
TXN10889,Vendor_051,7641.24,2025-05-27
TXN10322,Vendor_030,624.1,2025-08-04
TXN10451,Vendor_021,6258.43,2025-05-29
TXN10781,Vendor_033,318.64,2025-03-31
TXN10234,Vendor_042,29352.33,2025-03-13
TXN10656,Vendor_012,1841.08,2025-10-13
TXN10557,Vendor_010,1030.37,2025-07-01
TXN10462,Vendor_050,728.04,2025-04-05
TXN10424,Vendor_017,4183.86,2025-08-11
TXN10880,Vendor_034,48291.56,2025-09-24
TXN10303,Vendor_020,3997.73,2025-08-19
TXN10884,Vendor_054,4387.25,2025-01-05
TXN10689,Vendor_034,3221.31,2025-02-15
TXN10219,Vendor_010,2011.1,2025-02-08
TXN10870,Vendor_035,1436.51,2025-09-09
TXN10296,Vendor_016,5822.47,2025-01-30
TXN10021,Vendor_002,1348.15,2025-03-13
TXN10760,Vendor_046,855.49,2025-07-09
TXN10420,Vendor_051,26343.38,2025-09-18
TXN10325,Vendor_003,372.99,2025-01-07
TXN10199,Vendor_036,409.17,2025-09-28
TXN10450,Vendor_041,1666.56,2025-01-18
TXN10137,Vendor_059,1189.54,2025-06-10
TXN10536,Vendor_017,590.79,2025-02-20
TXN10696,Vendor_026,2762.73,2025-04-12
TXN10717,Vendor_002,2198.2,2025-05-05
TXN10646,Vendor_027,54.27,2025-01-25
TXN10628,Vendor_016,1943.88,2025-09-16
TXN10212,Vendor_008,6249.16,2025-05-24
TXN20011,Vendor_061,8650.0,2025-04-17
TXN10934,Vendor_030,3203.56,2025-03-16
TXN10921,Vendor_040,476.05,2025-01-30
TXN10505,Vendor_037,959.81,2025-07-05
TXN10815,Vendor_054,262.11,2025-04-17
TXN10231,Vendor_028,2395.62,2025-01-26
TXN10405,Vendor_059,4063.11,2025-08-02
TXN10729,Vendor_033,657.34,2025-07-20
TXN10568,Vendor_015,158.85,2025-06-09
TXN10317,Vendor_022,1207.92,2025-04-11
TXN10183,Vendor_021,3385.36,2025-05-23
TXN10856,Vendor_052,612.74,2025-04-19
TXN10854,Vendor_013,11460.43,2025-02-28
TXN10693,Vendor_030,4026.76,2025-03-25
TXN10609,Vendor_025,12642.98,2025-09-05
TXN10626,Vendor_042,499.45,2025-09-25
TXN10485,Vendor_012,284.6,2025-07-28
TXN10278,Vendor_008,1979.78,2025-02-19
TXN10630,Vendor_043,200.3,2025-02-09
TXN10020,Vendor_054,12153.15,2025-04-27
TXN10170,Vendor_006,568.86,2025-03-04
TXN10401,Vendor_050,829.49,2025-08-20
TXN10924,Vendor_025,8548.92,2025-02-06
TXN10566,Vendor_033,127.8,2025-01-07
TXN10176,Vendor_041,1838.86,2025-04-08
TXN10327,Vendor_009,5060.2,2025-06-12
TXN10706,Vendor_047,342.22,2025-04-30
TXN10198,Vendor_015,1950.17,2025-10-27
TXN10470,Vendor_039,1264.5,2025-04-18
TXN10842,Vendor_004,420.09,2025-06-03
TXN10694,Vendor_049,3908.98,2025-10-08
TXN10266,Vendor_045,15095.24,2025-02-05
TXN10615,Vendor_025,2138.77,2025-06-27
TXN10732,Vendor_032,3073.98,2025-03-06
TXN10492,Vendor_004,1999.35,2025-04-21
TXN10130,Vendor_006,240.84,2025-04-18
TXN10338,Vendor_013,3092.73,2025-04-27
TXN10851,Vendor_004,878.2,2025-10-01
TXN10489,Vendor_031,5688.1,2025-03-11
TXN10572,Vendor_021,2765.58,2025-06-03
TXN10606,Vendor_027,661.21,2025-06-17
TXN10193,Vendor_003,358.0,2025-03-26
TXN10140,Vendor_042,2430.12,2025-10-03
TXN10416,Vendor_020,13581.96,2025-10-04
TXN10660,Vendor_033,857.69,2025-06-12
TXN10476,Vendor_003,3825.8,2025-04-14
TXN10714,Vendor_041,1721.71,2025-07-15
TXN10152,Vendor_060,746.93,2025-01-08
TXN10849,Vendor_060,906.6,2025-02-04
TXN10898,Vendor_053,8677.26,2025-08-07
TXN10010,Vendor_046,989.85,2025-02-19
TXN10269,Vendor_003,2143.0,2025-03-14
TXN10096,Vendor_015,2657.01,2025-08-13
TXN10210,Vendor_029,3797.73,2025-08-27
TXN20034,Vendor_063,8535.0,2025-08-16
TXN10752,Vendor_026,508.45,2025-10-10
TXN10569,Vendor_056,1144.85,2025-07-22
TXN10813,Vendor_024,2334.43,2025-10-21
TXN10775,Vendor_046,234.79,2025-02-14
TXN10548,Vendor_060,2929.21,2025-07-07
TXN10943,Vendor_055,1589.34,2025-06-11
TXN10532,Vendor_010,1659.21,2025-02-19
TXN10933,Vendor_046,103.71,2025-09-17
TXN10332,Vendor_002,1995.29,2025-10-08
TXN10075,Vendor_032,5263.09,2025-02-28
TXN10712,Vendor_053,890.34,2025-08-15
TXN10077,Vendor_051,1225.73,2025-02-04
TXN10263,Vendor_004,477.37,2025-08-06
TXN20043,Vendor_061,7775.0,2025-02-14
TXN10149,Vendor_023,2660.0,2025-10-21
TXN10932,Vendor_009,275.22,2025-10-17
TXN10514,Vendor_030,854.23,2025-04-27
TXN10940,Vendor_019,342.27,2025-05-03
TXN10469,Vendor_023,855.29,2025-01-30
TXN10564,Vendor_043,8617.74,2025-01-21
TXN10774,Vendor_011,4057.62,2025-05-07
TXN10461,Vendor_015,1892.86,2025-10-10
TXN10253,Vendor_009,6920.23,2025-03-19
TXN10771,Vendor_041,870.26,2025-02-08
TXN10845,Vendor_059,3429.56,2025-05-05
TXN10369,Vendor_027,661.88,2025-04-02
TXN10321,Vendor_018,3919.44,2025-10-18
TXN10695,Vendor_040,1209.05,2025-09-27
TXN10151,Vendor_045,2836.66,2025-08-22
TXN10949,Vendor_039,2480.81,2025-08-03
TXN10302,Vendor_030,4776.59,2025-05-29
TXN10190,Vendor_026,1011.84,2025-09-24
TXN10586,Vendor_049,995.09,2025-01-17
TXN10348,Vendor_002,710.54,2025-03-01
TXN10243,Vendor_019,5571.85,2025-06-13
TXN10793,Vendor_049,343.86,2025-08-13
TXN10087,Vendor_041,2772.14,2025-09-07
TXN10751,Vendor_012,311.94,2025-09-19
TXN10655,Vendor_022,1952.73,2025-05-11
TXN10909,Vendor_050,30098.52,2025-01-22
TXN10778,Vendor_012,1641.29,2025-03-13
TXN10418,Vendor_011,8375.67,2025-07-30
TXN10288,Vendor_058,2605.26,2025-02-05
TXN10648,Vendor_025,1339.14,2025-06-03
TXN10166,Vendor_031,5264.17,2025-05-22
TXN10595,Vendor_012,931.67,2025-10-21
TXN10937,Vendor_013,4540.82,2025-06-22
TXN10155,Vendor_029,714.33,2025-01-05
TXN10356,Vendor_009,1765.05,2025-04-09
TXN10381,Vendor_053,829.47,2025-06-22
TXN10279,Vendor_003,1095.64,2025-10-27
TXN10126,Vendor_037,498.85,2025-07-23
TXN10707,Vendor_038,17698.45,2025-06-13
TXN10777,Vendor_044,1310.58,2025-01-19
TXN10022,Vendor_011,1973.94,2025-03-05
TXN10616,Vendor_043,2084.35,2025-07-16
TXN10665,Vendor_017,2076.33,2025-04-18
TXN10282,Vendor_023,14211.71,2025-06-21
TXN10903,Vendor_048,9527.97,2025-04-26
TXN10471,Vendor_047,90.7,2025-10-08
TXN10738,Vendor_021,15758.21,2025-02-07
TXN10367,Vendor_037,1837.88,2025-04-26
TXN10025,Vendor_018,2088.5,2025-04-05
TXN10196,Vendor_025,573.06,2025-01-12
TXN10064,Vendor_023,5199.32,2025-01-12
TXN10015,Vendor_030,870.46,2025-07-25
TXN10466,Vendor_033,4017.51,2025-07-03
TXN10297,Vendor_045,2695.91,2025-10-06
TXN10883,Vendor_054,7026.26,2025-05-29
TXN10621,Vendor_036,3337.27,2025-03-26
TXN10336,Vendor_016,618.23,2025-08-26
TXN10820,Vendor_044,922.9,2025-10-15
TXN10026,Vendor_038,404.93,2025-02-01
TXN10588,Vendor_034,5321.11,2025-03-06
TXN10043,Vendor_022,1222.39,2025-04-13
TXN10497,Vendor_038,1411.71,2025-07-21
TXN10792,Vendor_047,2573.58,2025-03-25
TXN10515,Vendor_031,4827.14,2025-07-11
TXN20005,Vendor_064,60130.0,2025-02-22
TXN10561,Vendor_009,26850.0,2025-08-16
TXN10917,Vendor_057,2304.44,2025-08-10
TXN10454,Vendor_044,907.47,2025-08-12
TXN10387,Vendor_026,20723.47,2025-07-15
TXN10071,Vendor_055,13352.35,2025-07-02
TXN10542,Vendor_026,3600.2,2025-09-17
TXN10456,Vendor_022,1573.19,2025-05-30
TXN10633,Vendor_037,1038.0,2025-06-25
TXN10431,Vendor_021,127.61,2025-06-13
TXN10627,Vendor_002,1535.29,2025-09-20
TXN10653,Vendor_044,429.03,2025-08-01
TXN10728,Vendor_037,896.33,2025-06-21
TXN10264,Vendor_038,1302.01,2025-02-11
TXN10209,Vendor_046,270641.66,2025-01-27
TXN10316,Vendor_035,4387.61,2025-05-23
TXN10896,Vendor_057,1454.98,2025-08-30
TXN10513,Vendor_045,555.67,2025-03-17
TXN10313,Vendor_009,5205.98,2025-06-29
TXN10534,Vendor_049,774.81,2025-09-11
TXN10829,Vendor_037,1253.48,2025-01-07
TXN10319,Vendor_047,1526.62,2025-02-18
TXN10007,Vendor_060,4903.31,2025-05-25
TXN10393,Vendor_021,19553.24,2025-02-11
TXN10141,Vendor_053,9890.06,2025-08-30
TXN10086,Vendor_051,5943.32,2025-04-06
TXN10864,Vendor_044,815.15,2025-05-19
TXN10478,Vendor_042,98967.33,2025-01-10
TXN10503,Vendor_029,3758.82,2025-01-14
TXN10753,Vendor_008,7113.39,2025-04-03
TXN10215,Vendor_049,4849.64,2025-03-18
TXN10580,Vendor_004,2807.49,2025-03-27
TXN10562,Vendor_056,5610.88,2025-04-17
TXN10398,Vendor_002,1557.91,2025-03-01
TXN10925,Vendor_001,249.6,2025-02-06
TXN10668,Vendor_020,57.61,2025-09-29
TXN10490,Vendor_056,1789.4,2025-07-30
TXN10252,Vendor_011,28532.61,2025-05-18
TXN10907,Vendor_047,4770.13,2025-07-08
TXN10468,Vendor_054,907.19,2025-01-19
TXN10914,Vendor_002,1597.37,2025-06-18
TXN10357,Vendor_021,1242.33,2025-06-05
TXN10254,Vendor_013,250.84,2025-09-11
TXN10276,Vendor_032,2342.04,2025-05-29
TXN10178,Vendor_038,1281.7,2025-01-19
TXN10281,Vendor_022,4275.99,2025-05-10
TXN10390,Vendor_018,562.31,2025-08-20
TXN10508,Vendor_030,1925.76,2025-03-23
TXN10749,Vendor_022,290.42,2025-06-02
TXN10583,Vendor_034,34610.1,2025-01-28
TXN20022,Vendor_064,7235.0,2025-01-13
TXN10129,Vendor_047,939.63,2025-07-26
TXN10144,Vendor_034,2534.74,2025-08-05
TXN20010,Vendor_065,6775.0,2025-06-06
TXN10847,Vendor_030,43997.59,2025-05-02
TXN10645,Vendor_059,1268.33,2025-09-04
TXN10715,Vendor_059,7587.77,2025-03-09
TXN10905,Vendor_032,1920.55,2025-05-27
TXN10767,Vendor_049,18070.59,2025-02-10
TXN10072,Vendor_032,1725.77,2025-10-27
TXN10908,Vendor_031,4184.45,2025-07-27
TXN10235,Vendor_024,4122.0,2025-07-27
TXN10037,Vendor_033,141.52,2025-07-21
